{"myst": {"0.5394549078823694": 36, "0.5907127643182942": 30, "0.48330562996753273": 33, "0.4493541480949242": 8, "0.48208876148585916": 32, "0.7370254366197266": 26, "0.4617130261512937": 31, "0.5041285467234323": 24, "0.6398231967453444": 40, "0.4382990376095283": 6, "0.7884468986774216": 16, "0.6563113327867125": 23, "0.7347539006037183": 19, "0.5626868198807364": 23, "0.5802136293864534": 24, "0.4819230853857312": 8, "0.7546555506397025": 20, "0.506593554498159": 26, "0.3770574015656983": 34, "0.2343003613218557": 25, "0.4087364786522717": 10, "0.5754439841690367": 14, "0.37960731912205037": 7, "0.5031709071895855": 5, "0.5885946230469012": 12, "0.8860763995807708": 5, "0.8499785932599904": 9, "0.5539651955877349": 3, "0.3434808449650117": 3}, "vibe": {"-0.347080526386792": 1, "-0.43843380476832194": 1, "0.5649848403768134": 1, "0.11852270617389954": 1, "0.23144772037929848": 1, "-0.3505967812103653": 1, "0.023508389929926765": 1, "0.4198912804152954": 1, "0.028631710819714273": 1, "-0.3945170717873886": 1, "0.3210493321913775": 1, "0.3206526521768397": 1, "-0.2569852998607355": 1, "-0.34708730567106594": 1, "0.993345056188679": 1, "-0.44418030132415004": 1, "0.5073488856019639": 1, "0.751419148691677": 1, "0.8591348120229834": 1, "-0.5647590260155758": 1, "-0.5847907464789404": 1, "0.17962067974085658": 1, "0.5619880895560085": 1, "-0.23132685025814198": 1, "-0.2245710287298304": 1, "-0.41510138797391277": 1, "-0.062125537945048354": 1, "0.6541845004789684": 1, "-0.27801759278130794": 1, "0.6027105346306859": 1, "0.777639617216141": 1, "0.16554069847198322": 1, "0.17627805822667178": 1, "-0.3584749709546736": 1, "0.037241068268517696": 1, "-0.7686902395681131": 1, "-0.09891723320799517": 1, "-0.11732412517585729": 1, "-0.6680953196724375": 1, "-0.5706821913505489": 1, "0.10538346626687317": 1, "-0.13745957601261094": 1, "0.6112427977706139": 1, "-0.07348105297035235": 1, "-0.3758889911533685": 1, "-0.2780175927813083": 1, "0.12580134061282525": 1, "0.20300330076464002": 1, "-0.5145639262885293": 1, "-0.2965551618627059": 1, "0.788896560063923": 1, "-0.2888976099128623": 1, "-0.4290111959732242": 1, "0.3607890681633231": 1, "0.7178479263527733": 1, "-0.25132559122567966": 1, "0.08927334385557424": 1, "0.8137787364273223": 1, "-0.2517306203654094": 1, "0.6189146837240138": 1, "-0.10773128955520789": 1, "0.21892869971043794": 1, "0.5914960576523373": 1, "-0.04297740557887618": 1, "-0.6704519134394269": 1, "0.5184338348886968": 1, "0.865873420193898": 1, "0.3271774429032513": 1, "0.692738310807965": 1, "0.37356326868005874": 1, "0.20015280032861402": 1, "-0.8747497410130705": 1, "-0.22501092589154714": 1, "0.6349560287994931": 1, "-0.17781502906147095": 1, "0.09246014726219234": 1, "-0.11313079397295792": 1, "0.5884423631297986": 1, "-0.7467639480905975": 1, "-0.6494259595069345": 1, "-0.504625366189616": 1, "0.475723590323066": 1, "-0.6269092033412671": 1, "0.12492730076395575": 1, "-0.0719104621493738": 1, "-0.000981140105578926": 1, "0.990458807618936": 1, "-0.23945573077041254": 1, "0.05306665094412011": 1, "0.14530604896214183": 1, "0.546613563395784": 1, "0.879898980622458": 1, "-0.924765208226025": 2, "0.12751343522633224": 1, "-0.0514066375188712": 1, "0.9494606525658043": 1, "-0.008854100256730973": 1, "0.38166419264672147": 1, "-0.712334620491975": 1, "-0.5750575945441269": 1, "-0.25723485401289337": 1, "0.06552808604902566": 1, "-0.39956525737446935": 1, "-0.32751790974587053": 1, "0.05922691308478163": 1, "0.7402351399916789": 1, "-0.5046253661896158": 1, "0.25774268018742313": 1, "0.11060220127997206": 1, "0.5481911409017275": 1, "0.4565011777898589": 1, "-0.1076518191378516": 1, "-0.06876006243975324": 1, "-0.705521152485824": 1, "-0.07439292393559571": 1, "-0.7366416809101948": 1, "0.6656601694068638": 1, "-0.41948210173713274": 1, "0.9812236126079144": 1, "-0.1408199558692329": 1, "0.946668927518915": 1, "-0.369949220976748": 1, "0.22546200873739092": 1, "0.8533807795946928": 1, "-0.4141131254114133": 1, "0.32134783161494584": 1, "-0.8149721700493329": 1, "0.1545019814148327": 1, "0.24537799253674292": 1, "-0.5395125079880254": 1, "0.38184022232418224": 1, "0.9697971978350017": 1, "0.1127787154469847": 1, "0.3261019189124772": 1, "-0.16814069618812136": 1, "0.47120662183319595": 1, "-0.6265305252413664": 1, "-0.1348133418302097": 1, "0.143817846281591": 1, "1.03841410262735": 1, "0.02834225063573853": 1, "-0.7268469997941945": 1, "0.3588274008196238": 2, "0.328824658171854": 1, "0.8030513996514446": 1, "-0.11129593059052667": 1, "-0.7005644097772145": 1, "-0.2045406276224154": 1, "0.5199980701132398": 1, "0.6442269621757453": 1, "0.17544434696171962": 1, "-0.13175687035738753": 1, "-0.7078681777058426": 1, "0.6391758445381583": 1, "0.5336468163542365": 1, "0.09376176700962191": 1, "0.059550406616125": 1, "0.6176027779871476": 1, "0.4164756798790382": 1, "-0.5070707490411811": 1, "-0.7771793471371953": 1, "0.09278808672383862": 1, "-0.012089736464740403": 1, "0.10260696049148904": 1, "0.5689731361335723": 1, "0.7594498167819046": 1, "0.22492565176878324": 1, "0.2703456515331606": 1, "0.8261394423930439": 1, "0.19555330147982478": 1, "0.048086449139090714": 1, "-0.7592075619299186": 1, "0.7061465432356613": 1, "-0.17470939307530922": 1, "-0.07493060853289299": 1, "0.5519411499968668": 2, "0.506472900202801": 1, "-0.6473142922343408": 1, "0.49037979616099014": 1, "0.3726270494344003": 1, "-0.29462797796988144": 1, "0.710951898929633": 1, "-0.6097971828349591": 1, "0.6910670022887513": 1, "0.16405940890612045": 1, "0.42542129847875926": 1, "-0.1569235142885797": 1, "-0.22244981176009998": 1, "-0.04681881932726495": 1, "0.7341491378730123": 1, "0.26005623780586873": 1, "-0.06784610006005126": 1, "-0.008244987086602429": 2, "-0.3428445895592744": 1, "0.004175758366815302": 1, "0.10126257291763327": 1, "0.849238430030391": 1, "0.2733518738780746": 1, "0.14905531927346274": 1, "0.688224524668168": 1, "0.1708697758380293": 1, "0.3315407737035714": 1, "0.0646482164023225": 1, "-0.4646013408537055": 1, "-0.17470939307530944": 1, "0.5651583314280211": 1, "0.8262828685893997": 1, "0.06693160362107486": 1, "0.7041544859464673": 1, "0.4228278292052286": 1, "0.15755362294325526": 1, "-0.34550611053656655": 1, "-0.6021263336809863": 1, "-0.2707315467311386": 1, "0.9741827477000942": 1, "-0.7544852925738467": 1, "-0.7058847566981749": 1, "-0.42677896133821996": 1, "-0.774499989366169": 1, "0.49383273647894177": 1, "0.29624102944839137": 1, "0.16735573342294754": 1, "-0.42866821410634204": 1, "-0.09265375563944463": 1, "0.22212911159108426": 1, "-0.44001874084591375": 1, "-0.14812100890286245": 1, "-0.5713705658273048": 1, "-0.26510305944182266": 1, "-0.10297295117719224": 1, "0.5975449404240503": 1, "-0.40227850704864093": 1, "-0.09038274615833003": 1, "-0.12950017169424127": 1, "0.03644524571258327": 1, "-0.10003850569384701": 1, "-0.4439810293542648": 1, "0.1314362459932074": 1, "0.6360543569382917": 1, "-0.1308980630841991": 1, "-0.272590825340139": 1, "0.16395791060766196": 1, "-0.7176084838878514": 1, "-0.2333871795609313": 1, "-0.0019017274740154022": 1, "-0.7988957811979779": 1, "1.08267523775167": 2, "-0.3905902244079457": 1, "1.0965494233332": 1, "0.9536778872040701": 1, "0.40254352740656296": 1, "0.7503903221134174": 1, "-0.14812100890287": 1, "-0.3412081997112561": 1, "-0.7411117103032254": 1, "-0.22071174074252808": 1, "0.1771287492436417": 1, "-0.4798735500221601": 1, "0.19164846031550936": 1, "0.14168423314218181": 1, "-0.11936503466677699": 1, "0.24894048311214767": 1, "-0.42879560124346877": 1, "-0.5977002307859712": 1, "-0.012761625603989094": 1, "0.1283521211789627": 1, "-0.17329008600187887": 1, "0.01394072693503659": 1, "0.5975449404240526": 1, "0.6037800268229346": 1, "0.1575536229432501": 1, "-0.16735347866424646": 1, "0.03882238077777035": 1, "0.1295857453049637": 1, "0.8570042302586607": 1, "0.35147813302798875": 1, "0.24524147681581654": 1, "0.5388293566140019": 1, "-0.3163681430510439": 1, "0.2530201033606059": 1,